{"cameraMode":{"drawMode":0,"name":"Shaded","section":"Shading Mode"},"sceneLighting":true,"audioPlay":false,"sceneViewState":{"m_AlwaysRefresh":false,"showFog":true,"showSkybox":true,"showFlares":true,"showImageEffects":true,"showParticleSystems":true,"showVisualEffectGraphs":true,"m_FxEnabled":true},"in2DMode":false,"pivot":{"x":1.0550076961517335,"y":2.366029739379883,"z":0.7182719707489014},"rotation":{"x":0.2513367831707001,"y":0.06787001341581345,"z":-0.017715828493237497,"w":0.9653785228729248},"size":10.121033668518067,"orthographic":false}